game_title,game_release_date,game_critic_score,game_user_score,video_number,video_total_views,video_total_likes,video_total_dislikes,video_total_favorites,video_total_comments,game_total_critic_reviews,game_total_user_reviews,game_type,game_rating,game_critic_positive_reviews,game_critic_mixed_reviews,game_critic_negative_reviews,game_user_positive_reviews,game_user_mixed_reviews,game_user_negative_reviews,video_average_views,X,all_critic_num,all_user_num_2,all_game_types,all_ratings,all_critic_positive,all_critic_mixed,all_critic_negative,all_user_positive,all_user_mixed,all_user_negative,global_sale_list
The Orange Box,2007-10-10,96,9.3,16,9624,158,11,0,52,34,1506,Action,M,34,0,0,227,9,9,601.5,1,34,1507,Action,M,34,0,0,227,9,9,0.14
BioShock,2007-08-21,96,8.5,49,1347339,20804,569,0,3707,44,3650,Action,M,44,0,0,497,130,130,27496.7142857143,2,44,3653,Action,M,44,0,0,497,130,130,0.41
Call of Duty 4: Modern Warfare,2007-11-05,92,8.5,48,6341642,89248,3857,0,14358,40,2383,Action,M,40,0,0,339,42,42,132117.541666667,3,40,2386,Action,M,40,0,0,340,42,42,1.15
Crysis,2007-11-13,91,8,44,1406145,10144,252,0,2421,56,1986,Action,M,56,0,0,273,107,107,31957.8409090909,4,56,1987,Action,M,56,0,0,273,107,107,0.71
World of Warcraft: The Burning Crusade,2007-01-16,91,7.9,38,2874203,22853,331,0,4644,46,791,Role-Playing,T,45,1,0,77,16,16,75636.9210526316,5,46,791,Role-Playing,T,45,1,0,77,16,16,4.09
World in Conflict,2007-09-18,89,8.1,41,141774,1151,26,0,315,44,302,Strategy,T,43,1,0,42,18,18,3457.90243902439,7,44,302,Strategy,T,43,1,0,42,18,18,0.04
Company of Heroes: Opposing Fronts,2007-09-24,87,8.6,47,357467,2656,72,0,775,36,236,Strategy,M,36,0,0,36,4,4,7605.68085106383,8,36,236,Strategy,M,36,0,0,36,4,4,0.04
Gears of War,2007-11-06,87,7.8,40,1612579,13302,509,0,2125,36,574,Action,M,35,1,0,25,18,18,40314.475,9,36,574,Action,M,35,1,0,25,18,18,0.02
Supreme Commander,2007-02-20,86,8.3,49,319013,2772,154,0,970,44,263,Strategy,E10+,40,4,0,61,10,10,6510.4693877551,10,44,263,Strategy,E10+,40,4,0,61,10,10,0.05
IL-2 Sturmovik: 1946,2007-03-13,86,8.8,23,108517,1478,38,0,594,9,116,Simulation,T,9,0,0,20,1,1,4718.13043478261,13,9,116,Simulation,T,9,0,0,20,1,1,0.04
Command & Conquer 3: Tiberium Wars,2007-03-26,85,8,47,6489753,42873,2603,0,9522,47,395,Strategy,T,43,4,0,51,16,16,138079.85106383,15,47,395,Strategy,T,43,4,0,51,16,16,0.07
DiRT,2007-06-19,84,7.3,31,27994513,46360,5805,0,4118,20,92,Driving,E,20,0,0,9,9,9,903048.806451613,18,20,92,Driving,E,20,0,0,9,9,9,0.02
Unreal Tournament III,2007-11-19,83,8,35,449899,3094,110,0,675,41,527,Action,M,38,3,0,68,28,28,12854.2571428571,19,41,527,Action,M,38,3,0,68,28,28,0.06
Tomb Raider: Anniversary,2007-06-05,83,8,40,2521272,14997,295,0,5133,26,244,Action Adventure,T,25,1,0,32,10,10,63031.8,20,26,244,Action Adventure,T,25,1,0,32,10,10,0.03
Europa Universalis III,2007-01-23,83,8.4,30,24478,218,44,0,156,25,196,Strategy,E,21,4,0,28,8,8,815.933333333333,23,25,196,Strategy,E,21,4,0,28,8,8,0.01
S.T.A.L.K.E.R.: Shadow of Chernobyl,2007-03-20,82,8.4,36,76137,537,18,0,170,44,1107,Action,M,37,7,0,184,40,40,2114.91666666667,26,44,1109,Action,M,37,7,0,184,40,40,0.06
Supreme Commander: Forged Alliance,2007-11-06,81,8.9,45,1252480,36446,336,0,4025,35,219,Strategy,E10+,31,4,0,42,5,5,27832.8888888889,28,35,219,Strategy,E10+,31,4,0,42,5,5,0.04
The Witcher,2007-10-30,81,8.8,0,0,0,0,0,0,50,1124,Role-Playing,M,40,10,0,160,15,15,NaN,29,50,1124,Role-Playing,M,40,10,0,160,15,15,0.06
Jade Empire: Special Edition,2007-02-26,81,8.2,26,298063,2631,198,0,813,29,238,Role-Playing,M,24,5,0,21,12,12,11463.9615384615,30,29,238,Role-Playing,M,24,5,0,21,12,12,0
Age of Empires III: The Asian Dynasties,2007-10-23,81,8.5,50,146190,1821,67,0,798,19,74,Strategy,T,17,2,0,9,1,1,2923.8,31,19,74,Strategy,T,17,2,0,9,1,1,0.06
Titan Quest: Immortal Throne,2007-03-05,80,8.7,48,381885,1321,118,0,706,23,218,Role-Playing,T,20,3,0,41,0,0,7955.9375,33,23,218,Role-Playing,T,20,3,0,41,0,0,0
Test Drive Unlimited,2007-03-20,79,8.2,34,3779624,25726,869,0,2111,18,123,Driving,T,16,2,0,13,1,1,111165.411764706,34,18,123,Driving,T,16,2,0,13,1,1,0.02
Guitar Hero III: Legends of Rock,2007-11-13,79,7.2,50,122426,799,37,0,251,15,63,Action,T,11,4,0,9,2,2,2448.52,37,15,63,Action,T,11,4,0,9,2,2,0.02
Viva Pinata,2007-11-06,78,7.8,13,20305315,125816,3036,0,7232,20,20,Simulation,E,17,2,1,2,0,0,1561947.30769231,42,20,20,Simulation,E,17,2,1,2,0,0,0.02
Medal of Honor: Airborne,2007-09-04,78,7.3,29,11274,140,10,0,59,38,204,Action,T,26,12,0,20,10,10,388.758620689655,43,38,204,Action,T,26,12,0,20,10,10,0.05
Universe at War: Earth Assault,2007-12-10,77,8.5,21,31840,362,1,0,261,48,142,Strategy,T,33,15,0,47,12,12,1516.19047619048,45,48,142,Strategy,T,33,15,0,47,12,12,0.01
FIFA Soccer 08,2007-10-09,77,6.1,30,1712593,12796,577,0,3232,7,50,Sports,E,4,3,0,4,7,7,57086.4333333333,46,7,50,Sports,E,4,3,0,4,7,7,0.02
Stranglehold,2007-09-18,77,7.4,50,1080840,25913,431,0,5319,15,76,Action,M,12,3,0,3,4,4,21616.8,47,15,76,Action,M,12,3,0,3,4,4,0
Battlestations: Midway,2007-01-30,76,7.3,36,1200734,5240,326,0,1075,20,46,Strategy,T,12,8,0,7,7,7,33353.7222222222,49,20,46,Strategy,T,12,8,0,7,7,7,0.01
Tom Clancy's Ghost Recon Advanced Warfighter 2,2007-07-17,76,7.2,31,31904,343,7,0,81,24,66,Action,T,15,9,0,6,8,8,1029.16129032258,50,24,66,Action,T,15,9,0,6,8,8,0.01
Resident Evil 4,2007-05-15,76,7.4,31,30024,389,26,0,139,15,246,Action Adventure,M,8,7,0,24,20,20,968.516129032258,52,15,246,Action Adventure,M,8,7,0,24,20,20,0.03
City Life: World Edition,2007-02-09,75,8.2,41,192017,2211,98,0,801,7,9,Strategy,E,3,4,0,3,0,0,4683.34146341463,53,7,9,Strategy,E,3,4,0,3,0,0,0.04
Sega Rally Revo,2007-11-19,74,7.6,45,764254,5267,634,0,1132,9,18,Driving,E,7,1,1,2,1,1,16983.4222222222,54,9,18,Driving,E,7,1,1,2,1,1,0.01
The Sims 2: Bon Voyage,2007-09-04,74,7.3,1,3381690,20556,1122,0,5607,9,24,Simulation,T,7,1,1,5,0,0,3381690,58,9,24,Simulation,T,7,1,1,5,0,0,0.03
Penumbra: Overture,2007-05-08,73,7.8,7,19963,250,3,0,61,28,156,Action Adventure,M,16,12,0,25,12,12,2851.85714285714,61,28,157,Action Adventure,M,16,12,0,25,12,12,0
The Sims: Life Stories,2007-02-06,72,7.6,48,359645,5991,70,0,2132,21,16,Simulation,T,9,12,0,3,2,2,7492.60416666667,63,21,16,Simulation,T,9,12,0,3,2,2,0.01
Sherlock Holmes: The Awakened,2007-09-11,72,7.4,9,7034727,25682,1822,0,2729,28,38,Adventure,M,14,12,2,2,1,1,781636.333333333,64,28,38,Adventure,M,14,12,2,2,1,1,0
Call of Juarez,2007-06-12,72,7.9,12,914031,20659,490,0,9339,25,224,Action,M,12,11,2,29,9,9,76169.25,65,25,224,Action,M,12,11,2,29,9,9,0.01
Blazing Angels 2: Secret Missions of WWII,2007-09-21,72,4.9,50,101636,2430,45,0,821,9,9,Simulation,T,5,3,1,0,0,0,2032.72,66,9,9,Simulation,T,5,3,1,0,0,0,0
Halo 2,2007-05-31,72,5.5,19,95489,1215,21,0,453,32,217,Action,M,14,18,0,22,11,11,5025.73684210526,67,32,217,Action,M,14,18,0,22,11,11,0.09
UFO: Afterlight,2007-06-11,71,7.6,13,139364,212,1,0,620,16,52,Strategy,T,10,5,1,19,2,2,10720.3076923077,68,16,52,Strategy,T,10,5,1,19,2,2,0
TimeShift,2007-10-30,71,7.6,50,147034,3821,48,0,651,30,126,Action,M,15,15,0,14,8,8,2940.68,70,30,126,Action,M,15,15,0,14,8,8,0.01
Hellgate: London,2007-10-31,70,6.3,31,87643,289,14,0,86,40,375,Role-Playing,M,11,27,2,76,43,43,2827.1935483871,71,40,375,Role-Playing,M,11,27,2,76,43,43,0.02
Thrillville: Off the Rails,2007-10-09,70,3,49,8784758,75948,2867,0,24972,8,34,Strategy,E10+,4,3,1,1,2,2,179280.775510204,72,8,34,Strategy,E10+,4,3,1,1,2,2,0
Need for Speed: ProStreet,2007-11-13,70,6,49,90769,857,36,0,447,18,166,Driving,E10+,7,11,0,6,10,10,1852.42857142857,73,18,166,Driving,E10+,7,11,0,6,10,10,0.04
Top Spin 2,2007-03-16,70,7.2,18,49336,1327,18,0,107,8,20,Sports,E,2,6,0,2,1,1,2740.88888888889,75,8,20,Sports,E,2,6,0,2,1,1,0
Nostradamus: The Last Prophecy,2007-09-30,70,5.9,45,32017,223,21,0,81,10,8,Adventure,E10+,2,7,1,1,1,1,711.488888888889,76,10,8,Adventure,E10+,2,7,1,1,1,1,0
Heroes of Might and Magic V: Tribes of the East,2007-10-16,70,8.6,50,87195,358,47,0,229,8,91,Strategy,T,3,5,0,9,0,0,1743.9,77,8,91,Strategy,T,3,5,0,9,0,0,0
Death to Spies,2007-10-16,69,7.7,13,1919257,15443,632,0,2306,14,32,Action Adventure,M,5,6,3,1,5,5,147635.153846154,80,14,32,Action Adventure,M,5,6,3,1,5,5,0
Vanguard: Saga of Heroes,2007-01-30,68,7.1,6,103898,899,15,0,109,32,123,Role-Playing,T,11,19,2,49,9,9,17316.3333333333,81,32,123,Role-Playing,T,11,19,2,49,9,9,0
UFO: Extraterrestrials,2007-05-30,68,6.9,47,402804,2344,55,0,905,15,35,Strategy,E10+,5,10,0,7,3,3,8570.29787234042,82,15,35,Strategy,E10+,5,10,0,7,3,3,0.01
Championship Manager 2008,2007-11-06,68,6.8,34,301820,4462,1159,0,516,9,4,Sports,NA,2,6,1,1,1,1,8877.05882352941,84,9,4,Sports,NA,2,6,1,1,1,1,0
Fantasy Wars,2007-11-08,67,8.4,32,20677,170,4,0,117,22,42,Strategy,T,10,10,2,13,2,2,646.15625,86,22,42,Strategy,T,10,10,2,13,2,2,0
Shadowrun,2007-05-29,67,6.3,18,35933,434,13,0,162,30,36,Action,M,8,21,1,6,1,1,1996.27777777778,87,30,36,Action,M,8,21,1,6,1,1,0
Kane & Lynch: Dead Men,2007-11-20,67,5.9,28,13553,97,4,0,50,24,238,Action,M,6,17,1,24,12,12,484.035714285714,88,24,238,Action,M,6,17,1,24,12,12,0
Team Fortress 2,2008-04-08,92,9.1,48,447355,4975,210,0,1325,17,5980,Action,M,17,0,0,NA,69,69,9319.89583333333,92,17,5980,Action,M,17,0,0,NA,69,69,0
World of Warcraft: Wrath of the Lich King,2008-11-13,91,7.5,25,2367819,98054,929,0,10903,47,940,Role-Playing,T,47,0,0,61,23,23,94712.76,94,47,940,Role-Playing,T,47,0,0,61,23,23,1.32
Fallout 3,2008-10-28,91,7.9,10,4831,58,1,0,17,48,3491,Role-Playing,M,45,3,0,430,115,115,483.1,95,48,3491,Role-Playing,M,45,3,0,430,115,115,0.98
Portal,2008-04-08,90,9.3,3,2926,113,4,0,16,27,4141,Action,T,27,0,0,757,43,43,975.333333333333,96,27,4146,Action,T,27,0,0,758,43,43,0.01
Grand Theft Auto IV,2008-12-02,90,6.6,35,2932714,34062,1073,0,7798,40,2319,Action Adventure,M,38,2,0,187,89,89,83791.8285714286,97,40,2320,Action Adventure,M,38,2,0,187,89,89,0.88
Mass Effect,2008-05-28,89,8.6,33,43848,874,18,0,210,45,2430,Role-Playing,M,45,0,0,265,48,48,1328.72727272727,98,45,2433,Role-Playing,M,45,0,0,265,48,48,0.67
GRID,2008-06-03,87,7.9,49,4047833,33706,511,0,6909,25,465,Driving,E,24,1,0,76,18,18,82608.8367346939,99,25,465,Driving,E,24,1,0,76,18,18,0.04
Sins of a Solar Empire,2008-02-04,87,8.2,20,324867,19317,113,0,2511,52,275,Strategy,T,51,1,0,78,10,10,16243.35,100,52,275,Strategy,T,51,1,0,78,10,10,0.03
Warhammer Online: Age of Reckoning,2008-09-16,86,7.9,15,237400,2396,48,0,528,54,374,Role-Playing,T,52,2,0,103,20,20,15826.6666666667,101,54,374,Role-Playing,T,52,2,0,103,20,20,0.02
Dead Space,2008-10-20,86,8,39,3194961,56306,744,0,17010,28,1116,Action,M,27,1,0,156,47,47,81922.0769230769,102,28,1116,Action,M,27,1,0,156,47,47,0.59
The Lord of the Rings Online: Mines of Moria,2008-11-17,85,8.2,49,22198109,240081,6229,0,36540,24,99,Role-Playing,T,23,1,0,23,1,1,453022.632653061,104,24,99,Role-Playing,T,23,1,0,23,1,1,0.02
Far Cry 2,2008-10-21,85,5.8,47,980115,10628,228,0,2641,34,1353,Action,M,26,8,0,129,125,125,20853.5106382979,107,34,1353,Action,M,26,8,0,129,125,125,0.48
Spore,2008-09-07,84,5.3,44,115124,947,45,0,422,75,1716,Strategy,E10+,62,13,0,169,121,121,2616.45454545455,109,75,1716,Strategy,E10+,62,13,0,169,121,121,1.17
Call of Duty: World at War,2008-11-10,83,7.5,40,409746,9015,164,0,2373,36,728,Action,M,31,5,0,66,40,40,10243.65,111,36,729,Action,M,31,5,0,66,40,40,0.18
GTR Evolution,2008-09-01,83,8.2,31,9743115,34448,2626,0,5232,19,63,Driving,E,18,1,0,5,2,2,314294.032258065,113,19,63,Driving,E,18,1,0,5,2,2,0.03
Age of Conan: Hyborian Adventures,2008-05-20,80,7.3,45,903036,10395,640,0,1371,44,813,Role-Playing,M,36,8,0,221,51,51,20067.4666666667,117,44,813,Role-Playing,M,36,8,0,221,51,51,0
Tomb Raider: Underworld,2008-11-18,80,7.7,40,8900860,157093,2867,0,18448,20,274,Action Adventure,T,18,2,0,33,14,14,222521.5,120,20,274,Action Adventure,T,18,2,0,33,14,14,0.08
LEGO Batman: The Videogame,2008-09-23,80,7.8,49,25165857,362029,9075,0,56695,15,62,Action Adventure,E10+,13,2,0,6,1,1,513588.918367347,121,15,62,Action Adventure,E10+,13,2,0,6,1,1,0.07
Brothers in Arms: Hell's Highway,2008-10-07,79,7.9,9,1086080,5638,160,0,1293,22,132,Action,M,18,4,0,28,2,2,120675.555555556,122,22,132,Action,M,18,4,0,28,2,2,0.02
FlatOut: Ultimate Carnage,2008-08-26,79,7.7,32,1365285,6864,272,0,1158,16,129,Driving,T,12,4,0,15,2,2,42665.15625,128,16,129,Driving,T,12,4,0,15,2,2,0.01
King's Bounty: The Legend,2008-09-23,79,8.6,0,0,0,0,0,0,26,265,Strategy,T,21,5,0,37,4,4,NaN,129,26,265,Strategy,T,21,5,0,37,4,4,0
LEGO Indiana Jones: The Original Adventures,2008-06-03,78,7.7,12,8158056,42796,1768,0,3563,14,35,Adventure,E10+,11,3,0,7,0,0,679838,130,14,35,Adventure,E10+,11,3,0,7,0,0,0.04
Tom Clancy's Rainbow Six: Vegas 2,2008-04-15,78,7.3,16,624416,1732,259,0,299,20,186,Action,M,16,4,0,32,16,16,39026,131,20,186,Action,M,16,4,0,32,16,16,0.02
Devil May Cry 4,2008-07-08,78,8.5,16,1621096,9980,322,0,2332,21,355,Action,M,15,6,0,36,6,6,101318.5,132,21,355,Action,M,15,6,0,36,6,6,0.04
Bejeweled Twist,2008-10-27,78,7.3,49,152573,1343,27,0,537,12,11,Miscellaneous,E,8,4,0,2,0,0,3113.73469387755,134,12,11,Miscellaneous,E,8,4,0,2,0,0,0.05
FIFA Soccer 09,2008-10-14,77,6.8,48,517992,5616,130,0,1254,15,36,Sports,E,11,4,0,1,1,1,10791.5,135,15,36,Sports,E,11,4,0,1,1,1,0.02
Command & Conquer 3: Kane's Wrath,2008-03-24,77,8.1,11,198534,808,73,0,62,44,105,Strategy,T,32,12,0,11,8,8,18048.5454545455,136,44,106,Strategy,T,32,12,0,11,8,8,0.02
Pirates of the Burning Sea,2008-01-21,76,7.6,35,12205,179,4,0,50,30,61,Role-Playing,T,23,6,1,17,3,3,348.714285714286,138,30,61,Role-Playing,T,23,6,1,17,3,3,0.02
S.T.A.L.K.E.R.: Clear Sky,2008-09-15,75,7.7,0,0,0,0,0,0,47,484,Action,M,24,22,1,45,28,28,NaN,139,47,484,Action,M,24,22,1,45,28,28,0.04
A Vampyre Story,2008-12-02,75,8.5,45,62081,949,56,0,216,33,25,Adventure,T,19,12,2,3,0,0,1379.57777777778,141,33,25,Adventure,T,19,12,2,3,0,0,0.02
The Sims 2: FreeTime,2008-02-26,74,7.3,44,1140365,14350,277,0,2386,13,17,Simulation,T,7,5,1,2,0,0,25917.3863636364,143,13,17,Simulation,T,7,5,1,2,0,0,0
Europa Universalis: Rome,2008-04-15,73,6.3,50,4784463,28978,637,0,6294,19,43,Strategy,E10+,11,8,0,2,1,1,95689.26,144,19,43,Strategy,E10+,11,8,0,2,1,1,0
The Political Machine 2008,2008-06-24,73,6.6,4,131070,655,39,0,110,19,5,Strategy,E10+,9,10,0,1,0,0,32767.5,147,19,5,Strategy,E10+,9,10,0,1,0,0,0
Frontlines: Fuel of War,2008-02-25,73,6.9,47,6493337,42900,2603,0,9529,19,171,Action,T,9,10,0,26,11,11,138156.106382979,148,19,171,Action,T,9,10,0,26,11,11,0.02
Neverwinter Nights 2: Storm of Zehir,2008-11-18,73,7.2,12,79916,917,22,0,832,15,67,Role-Playing,T,7,8,0,8,3,3,6659.66666666667,150,15,67,Role-Playing,T,7,8,0,8,3,3,0.01
X3: Terran Conflict,2008-10-16,73,7.9,11,5689,236,3,0,66,16,222,Simulation,T,7,9,0,56,14,14,517.181818181818,151,16,222,Simulation,T,7,9,0,56,14,14,0.03
Bully: Scholarship Edition,2008-10-21,72,7.5,39,269973,6451,85,0,1612,11,260,Action Adventure,T,6,4,1,35,15,15,6922.38461538462,152,11,261,Action Adventure,T,6,4,1,35,15,15,0.03
Mount & Blade,2008-09-30,72,8.7,10,2085354,9510,593,0,1994,28,458,Role-Playing,T,15,12,1,104,15,15,208535.4,153,28,458,Role-Playing,T,15,12,1,104,15,15,0.02
Rail Simulator,2008-01-16,72,6.9,39,133810,2420,66,0,979,13,24,Simulation,E,6,7,0,4,1,1,3431.02564102564,155,13,24,Simulation,E,6,7,0,4,1,1,0.01
The Lost Crown: A Ghost-hunting Adventure,2008-03-03,71,7.5,46,1225927,24781,212,0,2710,23,26,Action Adventure,T,10,12,1,3,1,1,26650.5869565217,156,23,26,Action Adventure,T,10,12,1,3,1,1,0
Sherlock Holmes: Nemesis,2008-04-14,71,7.5,31,11751,183,5,0,84,20,20,Adventure,E10+,7,13,0,1,3,3,379.064516129032,157,20,20,Adventure,E10+,7,13,0,1,3,3,0
Sacred 2: Fallen Angel,2008-11-11,71,6.8,40,287846,4468,120,0,870,41,205,Role-Playing,M,21,19,1,22,9,9,7196.15,158,41,205,Role-Playing,M,21,19,1,22,9,9,0.06
007: Quantum of Solace,2008-11-04,70,6.3,46,639208,4928,237,0,1477,18,54,Action,T,5,13,0,4,5,5,13895.8260869565,161,18,54,Action,T,5,13,0,4,5,5,0.03
MySims,2008-10-28,70,6.4,41,78007,439,24,0,233,12,8,Simulation,E,2,10,0,1,0,0,1902.60975609756,162,12,8,Simulation,E,2,10,0,1,0,0,0.03
Mercenaries 2: World in Flames,2008-09-04,70,5.9,49,290330,2670,102,0,1739,20,65,Action Adventure,T,6,14,0,4,7,7,5925.10204081633,164,20,65,Action Adventure,T,6,14,0,4,7,7,0
Dracula: Origin,2008-06-02,70,6.5,50,8129925,175621,4405,0,26625,31,21,Adventure,T,12,17,2,1,1,1,162598.5,165,31,21,Adventure,T,12,17,2,1,1,1,0
Nancy Drew: The Phantom of Venice,2008-07-11,69,6.6,9,964099,6551,335,0,1009,7,8,Adventure,E,3,3,1,0,1,1,107122.111111111,166,7,8,Adventure,E,3,3,1,0,1,1,0.01
Jack Keane,2008-04-15,69,7,49,27431828,216091,9962,0,59138,25,21,Adventure,T,5,20,0,5,1,1,559833.224489796,167,25,21,Adventure,T,5,20,0,5,1,1,0.03
FIFA Manager 09,2008-12-19,69,7.1,50,40446,500,14,0,231,13,22,Sports,E,5,7,1,2,1,1,808.92,168,13,22,Sports,E,5,7,1,2,1,1,0
Sinking Island,2008-08-21,68,7.1,23,27458,146,13,0,24,8,20,Adventure,T,1,7,0,0,1,1,1193.82608695652,170,8,20,Adventure,T,1,7,0,0,1,1,0
Batman: Arkham Asylum,2009-09-15,91,8.7,27,32149,564,15,0,125,29,1757,Action Adventure,T,29,0,0,189,31,31,1190.7037037037,174,29,1759,Action Adventure,T,29,0,0,189,31,31,0.32
Street Fighter IV,2009-07-01,91,8,50,66012,595,20,0,130,23,356,Action,T,23,0,0,21,4,4,1320.24,175,23,356,Action,T,23,0,0,21,4,4,0.13
Dragon Age: Origins,2009-11-03,91,8.6,35,34080,433,28,0,125,67,3576,Role-Playing,M,66,1,0,470,89,89,973.714285714286,176,67,3579,Role-Playing,M,66,1,0,470,89,89,0.51
Empire: Total War,2009-03-03,90,6.9,36,5493160,14685,1567,0,4987,62,2989,Strategy,T,61,1,0,327,186,186,152587.777777778,177,62,2990,Strategy,T,61,1,0,327,186,186,1.09
Left 4 Dead 2,2009-11-17,89,8.5,50,116808,1631,13,0,1294,55,2552,Action,M,55,0,0,344,76,76,2336.16,178,55,2552,Action,M,55,0,0,344,76,76,0.36
DiRT 2,2009-12-08,89,8.2,4,935,20,0,0,6,22,355,Driving,T,22,0,0,37,5,5,233.75,179,22,355,Driving,T,22,0,0,37,5,5,0.05
Plants vs. Zombies,2009-08-18,87,8.9,9,7018,85,6,0,26,41,898,Strategy,E10+,40,1,0,177,10,10,779.777777777778,181,41,898,Strategy,E10+,40,1,0,177,10,10,0.05
Football Manager 2010,2009-11-03,87,9,4,1986,13,2,0,7,33,265,Sports,E,33,0,0,9,2,2,496.5,182,33,266,Sports,E,33,0,0,9,2,2,0.07
Burnout Paradise: The Ultimate Box,2009-02-05,87,7.5,6,5177,87,2,0,3,26,437,Driving,E10+,26,0,0,40,15,15,862.833333333333,183,26,437,Driving,E10+,26,0,0,40,15,15,0.09
The Sims 3,2009-06-02,86,7.6,49,76891,2190,32,0,579,75,896,Simulation,T,74,1,0,110,34,34,1569.20408163265,184,75,897,Simulation,T,74,1,0,110,34,34,8.02
Machinarium,2009-10-16,85,8.8,45,21917830,175384,5539,0,55427,47,533,Adventure,NA,43,4,0,75,14,14,487062.888888889,187,47,533,Adventure,NA,43,4,0,75,14,14,0.11
Need for Speed: Shift,2009-09-15,83,5.8,46,32929244,416389,8871,0,68577,22,389,Driving,E,21,1,0,38,23,23,715853.130434783,191,22,389,Driving,E,21,1,0,38,23,23,0.06
Red Faction: Guerrilla,2009-09-15,82,7.5,23,7954758,59164,1771,0,6234,29,309,Action,M,25,4,0,36,27,27,345859.043478261,192,29,309,Action,M,25,4,0,36,27,27,0.03
Dawn of Discovery,2009-06-17,82,8.8,20,1757404,16970,271,0,3675,32,132,Strategy,T,29,3,0,26,4,4,87870.2,193,32,133,Strategy,T,29,3,0,26,4,4,0.38
Football Manager Live,2009-01-23,82,3.1,34,580411,4073,103,0,1159,23,45,Sports,NA,21,2,0,3,0,0,17070.9117647059,195,23,45,Sports,NA,21,2,0,3,0,0,0.01
The Sims 3: World Adventures,2009-11-16,81,8,50,4035577,78392,1410,0,21607,31,72,Simulation,T,29,2,0,8,0,0,80711.54,197,31,72,Simulation,T,29,2,0,8,0,0,0.57
Borderlands,2009-10-26,81,7.8,45,2479551,16303,398,0,5244,37,1370,Action,M,34,3,0,207,71,71,55101.1333333333,199,37,1370,Action,M,34,3,0,207,71,71,0.18
Mirror's Edge,2009-01-12,81,8.1,50,938093,13291,184,0,2853,44,1037,Action,T,37,7,0,132,51,51,18761.86,201,44,1037,Action,T,37,7,0,132,51,51,0.06
The Chronicles of Riddick: Assault on Dark Athena,2009-04-07,80,8,24,874585,5577,234,0,1061,26,137,Action,M,21,5,0,16,5,5,36441.0416666667,204,26,137,Action,M,21,5,0,16,5,5,0.01
Trine,2009-09-11,80,8.2,37,13678591,70742,3606,0,22051,50,492,Action,E10+,43,7,0,62,23,23,369691.648648649,206,50,492,Action,E10+,43,7,0,62,23,23,0.01
Men of War,2009-03-16,80,8.1,50,5578652,80096,1429,0,16160,22,137,Strategy,M,18,4,0,30,9,9,111573.04,207,22,137,Strategy,M,18,4,0,30,9,9,0.03
Tropico 3,2009-10-20,79,8.2,48,419527,1270,56,0,435,48,186,Strategy,T,40,8,0,30,10,10,8740.14583333333,213,48,186,Strategy,T,40,8,0,30,10,10,0.04
Overlord II,2009-06-23,79,8.1,28,3595352,32422,788,0,2615,32,159,Action Adventure,T,28,4,0,22,6,6,128405.428571429,218,32,159,Action Adventure,T,28,4,0,22,6,6,0.03
F.E.A.R. 2: Project Origin,2009-02-10,79,7.8,45,215955,980,71,0,207,49,525,Action,M,39,10,0,54,35,35,4799,219,49,526,Action,M,39,10,0,54,35,35,0.08
Zuma's Revenge!,2009-09-15,78,7.9,28,385008,3279,47,0,420,17,35,Miscellaneous,E,13,4,0,2,4,4,13750.2857142857,221,17,35,Miscellaneous,E,13,4,0,2,4,4,0.01
Pro Evolution Soccer 2010,2009-10-23,78,6.9,49,156321,3093,68,0,2613,8,49,Sports,E,5,3,0,1,0,0,3190.22448979592,225,8,49,Sports,E,5,3,0,1,0,0,0.01
Call of Juarez: Bound in Blood,2009-06-30,78,8,18,3411278,19208,883,0,2228,39,283,Action,M,28,10,1,25,13,13,189515.444444444,226,39,283,Action,M,28,10,1,25,13,13,0.03
ArmA II,2009-06-26,77,7.5,50,697388,2570,96,0,726,38,590,Action,M,23,15,0,105,37,37,13947.76,229,38,590,Action,M,23,15,0,105,37,37,0.14
Hearts of Iron III,2009-08-11,77,7.1,38,7332765,189306,3894,0,75764,23,234,Strategy,E10+,18,5,0,31,11,11,192967.5,231,23,234,Strategy,E10+,18,5,0,31,11,11,0.08
The Void,2009-12-15,77,8.3,48,108632,754,33,0,273,12,97,Action Adventure,NA,8,4,0,19,3,3,2263.16666666667,232,12,97,Action Adventure,NA,8,4,0,19,3,3,0.03
Risen,2009-10-02,77,8.1,47,111164,2427,30,0,667,32,686,Role-Playing,M,21,11,0,85,25,25,2365.1914893617,234,32,686,Role-Playing,M,21,11,0,85,25,25,0.14
Men of War: Red Tide,2009-11-01,77,8.2,16,539512,665,220,0,77,10,33,Strategy,T,8,2,0,4,1,1,33719.5,236,10,33,Strategy,T,8,2,0,4,1,1,0
Peggle Nights,2009-03-26,76,8.1,47,24430563,126022,6327,0,15813,15,24,Miscellaneous,E,10,5,0,2,0,0,519799.212765957,238,15,24,Miscellaneous,E,10,5,0,2,0,0,0.02
Operation Flashpoint: Dragon Rising,2009-10-06,76,4.9,10,79551,414,14,0,235,29,539,Action,M,18,11,0,32,32,32,7955.1,239,29,539,Action,M,18,11,0,32,32,32,0.06
The Saboteur,2009-12-08,76,7.9,19,41019,213,17,0,65,20,239,Action Adventure,M,13,7,0,38,10,10,2158.89473684211,240,20,239,Action Adventure,M,13,7,0,38,10,10,0.06
Demigod,2009-04-14,76,7.9,7,6871,106,11,0,33,50,183,Strategy,T,31,19,0,46,10,10,981.571428571429,243,50,183,Strategy,T,31,19,0,46,10,10,0.02
BattleForge,2009-03-23,75,7,47,112941,1340,21,0,352,37,112,Strategy,T,24,13,0,15,2,2,2403,246,37,112,Strategy,T,24,13,0,15,2,2,0.01
Battlestations: Pacific,2009-05-12,74,8.4,35,920481,6633,114,0,1824,31,46,Strategy,T,19,12,0,10,1,1,26299.4571428571,249,31,46,Strategy,T,19,12,0,10,1,1,0.03
Wolfenstein,2009-08-18,74,7.3,41,51996,706,29,0,263,41,267,Action,M,25,16,0,43,21,21,1268.19512195122,251,41,267,Action,M,25,16,0,43,21,21,0.05
Mini Ninjas,2009-09-08,74,8.3,49,535510,3048,248,0,1259,14,78,Action Adventure,E10+,6,8,0,15,1,1,10928.7755102041,252,14,78,Action Adventure,E10+,6,8,0,15,1,1,0.02
RACE On,2009-10-05,73,8.2,27,7801032,6979,4131,0,441,14,20,Driving,E,8,6,0,1,0,0,288927.111111111,253,14,20,Driving,E,8,6,0,1,0,0,0.03
Sherlock Holmes vs. Jack the Ripper,2009-05-26,73,8.1,44,331518,6012,425,0,2158,26,43,Adventure,T,13,13,0,4,2,2,7534.5,254,26,43,Adventure,T,13,13,0,4,2,2,0.01
Ceville,2009-09-28,73,8.2,31,45254,616,11,0,406,17,21,Adventure,E,8,9,0,4,1,1,1459.8064516129,256,17,21,Adventure,E,8,9,0,4,1,1,0.02
Majesty 2: The Fantasy Kingdom Sim,2009-09-17,72,7.3,24,1285452,4029,162,0,555,31,129,Strategy,T,17,14,0,17,15,15,53560.5,258,31,129,Strategy,T,17,14,0,17,15,15,0.02
Grand Ages: Rome,2009-03-17,72,8,47,9324715,56257,2519,0,9443,18,40,Strategy,T,8,10,0,9,3,3,198398.191489362,260,18,40,Strategy,T,8,10,0,9,3,3,0
Section 8,2009-08-25,72,7,5,33242363,118108,11237,0,14786,31,78,Action,T,15,15,1,17,4,4,6648472.6,262,31,78,Action,T,15,15,1,17,4,4,0.04
Champions Online,2009-09-01,72,6.2,47,91575,1727,35,0,120,40,251,Role-Playing,T,21,18,1,42,20,20,1948.40425531915,263,40,251,Role-Playing,T,21,18,1,42,20,20,0.01
World in Conflict: Soviet Assault,2009-03-10,72,8.3,46,687939,10100,224,0,554,21,56,Strategy,T,11,9,1,13,2,2,14955.1956521739,264,21,56,Strategy,T,11,9,1,13,2,2,0
Saints Row 2,2009-01-05,72,6.8,36,6896738,86311,2112,0,19002,24,380,Action Adventure,M,10,14,0,52,23,23,191576.055555556,265,24,380,Action Adventure,M,10,14,0,52,23,23,0.04
Mass Effect 2,2010-01-26,94,8.8,34,113625,1279,30,0,430,55,3605,Role-Playing,M,54,1,0,405,97,97,3341.91176470588,267,55,3607,Role-Playing,M,54,1,0,405,97,97,0.39
World of Warcraft: Cataclysm,2010-12-07,90,5.5,11,4001,77,3,0,58,53,959,Role-Playing,T,53,0,0,56,64,64,363.727272727273,269,53,959,Role-Playing,T,53,0,0,56,64,64,2.09
Braid,2010-01-26,90,8.6,49,66903,2062,20,0,813,11,825,Action,E10+,11,0,0,121,15,15,1365.36734693878,270,11,827,Action,E10+,11,0,0,121,15,15,0.03
Sid Meier's Civilization V,2010-09-21,90,7.9,19,33585,412,12,0,61,70,2307,Strategy,E10+,66,4,0,251,113,113,1767.63157894737,271,70,2309,Strategy,E10+,66,4,0,251,113,113,1.69
BioShock 2,2010-02-09,88,8,6,24853,189,5,0,47,36,1260,Action,M,34,2,0,122,35,35,4142.16666666667,272,36,1260,Action,M,34,2,0,122,35,35,0.24
Battlefield: Bad Company 2,2010-03-02,87,8.3,24,31359,486,13,0,125,46,1477,Action,M,45,1,0,271,48,48,1306.625,273,46,1477,Action,M,45,1,0,271,48,48,0.72
Need for Speed: Hot Pursuit,2010-11-16,86,6.7,39,121457,1534,59,0,312,14,561,Driving,E10+,13,1,0,52,29,29,3114.28205128205,276,14,561,Driving,E10+,13,1,0,52,29,29,0.37
Assassin's Creed II,2010-03-09,86,6.9,23,10350,80,9,0,44,22,1631,Action Adventure,M,21,1,0,93,30,30,450,279,22,1631,Action Adventure,M,21,1,0,93,30,30,0.55
Football Manager 2011,2010-11-23,85,8.4,5,177869,1033,68,0,132,23,79,Sports,E,22,1,0,12,2,2,35573.8,280,23,79,Sports,E,22,1,0,12,2,2,1.26
Fallout: New Vegas,2010-10-19,84,8.6,49,415390,2527,95,0,611,39,2797,Role-Playing,M,36,3,0,400,85,85,8477.34693877551,282,39,2799,Role-Playing,M,36,3,0,400,85,85,1.17
Just Cause 2,2010-03-23,84,7.7,50,7614139,79368,3296,0,25346,33,844,Action Adventure,M,31,2,0,129,44,44,152282.78,283,33,844,Action Adventure,M,31,2,0,129,44,44,0.13
F1 2010,2010-09-21,84,6.6,50,68040,590,163,0,422,15,100,Driving,E,14,1,0,18,5,5,1360.8,284,15,100,Driving,E,14,1,0,18,5,5,0.05
FIFA Soccer 11,2010-09-28,83,7.7,49,3552861,16825,619,0,4335,16,102,Sports,E,13,3,0,18,1,1,72507.3673469388,286,16,102,Sports,E,13,3,0,18,1,1,0.18
Darksiders,2010-09-22,83,7.7,17,76918,1070,17,0,137,18,610,Action Adventure,M,18,0,0,100,21,21,4524.58823529412,288,18,610,Action Adventure,M,18,0,0,100,21,21,0.15
Age of Conan: Rise of the Godslayer,2010-05-11,83,8.4,46,2107403,26170,527,0,5109,14,52,Role-Playing,M,13,1,0,6,0,0,45813.1086956522,289,14,52,Role-Playing,M,13,1,0,6,0,0,0.03
Torchlight,2010-01-05,83,8,38,1107304,11540,497,0,2459,57,798,Role-Playing,T,50,7,0,164,42,42,29139.5789473684,290,57,798,Role-Playing,T,50,7,0,164,42,42,0.07
Tom Clancy's Splinter Cell: Conviction,2010-04-27,83,5.2,50,143153,1154,52,0,365,20,675,Action Adventure,M,16,4,0,39,24,24,2863.06,291,20,675,Action Adventure,M,16,4,0,39,24,24,0.11
Bejeweled 3,2010-12-07,82,8.1,48,1615778,14878,337,0,3294,27,88,Miscellaneous,E,25,2,0,10,1,1,33662.0416666667,292,27,88,Miscellaneous,E,25,2,0,10,1,1,0.09
King's Bounty: Armored Princess,2010-09-10,82,8.6,49,6670365,62598,1530,0,11243,25,161,Role-Playing,T,23,2,0,11,5,5,136129.897959184,297,25,161,Role-Playing,T,23,2,0,11,5,5,0.01
Metro 2033,2010-03-16,81,8.1,49,2723069,59684,1551,0,12588,40,1478,Action,M,34,6,0,212,71,71,55572.8367346939,300,40,1479,Action,M,34,6,0,212,71,71,0.24
Blur,2010-05-25,81,7.4,48,616195,14331,273,0,1547,24,178,Driving,E10+,21,3,0,24,8,8,12837.3958333333,301,24,178,Driving,E10+,21,3,0,24,8,8,0.06
Napoleon: Total War,2010-02-23,81,7.9,21,502094,4814,79,0,904,56,518,Strategy,T,49,6,1,35,11,11,23909.2380952381,303,56,518,Strategy,T,49,6,1,35,11,11,0.67
Call of Duty: Black Ops,2010-11-09,81,5.2,7,673368,24195,426,0,4536,29,1660,Action,M,20,9,0,143,96,96,96195.4285714286,304,29,1660,Action,M,20,9,0,143,96,96,1.63
S.T.A.L.K.E.R.: Call of Pripyat,2010-02-02,80,8.7,35,68298,587,26,0,158,44,613,Action,M,36,8,0,63,13,13,1951.37142857143,307,44,613,Action,M,36,8,0,63,13,13,0.06
Revenge of the Titans,2010-05-24,79,7.6,36,83864,693,17,0,292,11,81,Strategy,NA,10,1,0,10,10,10,2329.55555555556,308,11,81,Strategy,NA,10,1,0,10,10,10,0
Worms Reloaded,2010-08-26,79,6.8,43,585659,4547,283,0,939,28,185,Strategy,E10+,24,4,0,19,14,14,13619.976744186,310,28,186,Strategy,E10+,24,4,0,19,14,14,0.05
Split/Second,2010-05-18,79,8.2,48,659375,3966,198,0,799,18,116,Driving,E10+,16,2,0,8,1,1,13736.9791666667,312,18,116,Driving,E10+,16,2,0,8,1,1,0.04
The Settlers 7: Paths to a Kingdom,2010-03-23,79,5.2,48,86793,616,58,0,252,33,214,Strategy,E10+,28,5,0,15,8,8,1808.1875,315,33,214,Strategy,E10+,28,5,0,15,8,8,0.31
LEGO Harry Potter: Years 1-4,2010-06-29,79,7.9,44,136631,828,22,0,274,15,62,Action Adventure,E10+,12,3,0,2,1,1,3105.25,316,15,62,Action Adventure,E10+,12,3,0,2,1,1,0.04
Dead Rising 2,2010-09-27,78,6.3,42,1027175,7204,210,0,2514,17,213,Action Adventure,M,14,3,0,26,13,13,24456.5476190476,317,17,213,Action Adventure,M,14,3,0,26,13,13,0.14
Mount & Blade: Warband,2010-03-30,78,8.7,40,291445,9575,109,0,811,23,766,Role-Playing,T,18,5,0,162,19,19,7286.125,318,23,768,Role-Playing,T,18,5,0,162,19,19,0.02
Dawn of Discovery: Venice,2010-02-26,78,8.3,1,134899,12809,117,0,1370,16,15,Simulation,T,11,5,0,1,0,0,134899,320,16,15,Simulation,T,11,5,0,1,0,0,0.01
Mafia II,2010-08-23,77,7.9,49,2506915,15054,294,0,5070,46,1261,Action Adventure,M,35,9,2,122,68,68,51161.5306122449,321,46,1264,Action Adventure,M,35,9,2,122,68,68,0.4
Supreme Commander 2,2010-03-02,77,6.2,9,3789,66,2,0,35,54,804,Strategy,E10+,37,16,1,45,14,14,421,324,54,804,Strategy,E10+,37,16,1,45,14,14,0.19
R.U.S.E.,2010-09-07,76,8.1,41,50853,1539,50,0,341,33,177,Strategy,T,21,12,0,48,7,7,1240.31707317073,328,33,177,Strategy,T,21,12,0,48,7,7,0.27
Greed Corp,2010-12-10,76,7.1,26,146019,2131,63,0,409,7,44,Strategy,E,5,2,0,9,8,8,5616.11538461538,330,7,44,Strategy,E,5,2,0,9,8,8,0.01
Victoria II,2010-08-13,75,8.2,46,152207,883,45,0,187,17,135,Strategy,T,10,7,0,20,7,7,3308.84782608696,333,17,136,Strategy,T,10,7,0,20,7,7,0
FIFA Manager 11,2010-11-03,75,5.5,50,10290704,52232,5021,0,5369,9,23,Sports,E,7,2,0,1,0,0,205814.08,334,9,23,Sports,E,7,2,0,1,0,0,0
Prince of Persia: The Forgotten Sands,2010-06-08,75,6.6,50,1136217,10495,391,0,2904,16,221,Action Adventure,T,9,7,0,15,9,9,22724.34,335,16,221,Action Adventure,T,9,7,0,15,9,9,0.03
The Sims 3: Late Night Expansion Pack,2010-10-26,74,5.3,35,52456,644,46,0,164,17,78,Simulation,T,10,7,0,8,4,4,1498.74285714286,341,17,78,Simulation,T,10,7,0,8,4,4,1.7
The Sims 3: Ambitions,2010-06-01,74,7.3,40,247865,2541,120,0,1240,25,51,Simulation,T,15,9,1,5,2,2,6196.625,342,25,51,Simulation,T,15,9,1,5,2,2,0.46
Blood Bowl: Legendary Edition,2010-10-28,73,6.4,23,93054,1095,66,0,308,13,75,Sports,T,7,6,0,11,11,11,4045.82608695652,345,13,75,Sports,T,7,6,0,11,11,11,0.02
Alpha Protocol,2010-06-01,72,7.5,23,134120,1251,46,0,321,25,511,Role-Playing,M,11,13,1,91,35,35,5831.30434782609,346,25,511,Role-Playing,M,11,13,1,91,35,35,0.03
Medal of Honor,2010-10-12,72,6.4,26,70259,1045,26,0,412,26,518,Action,M,16,9,1,63,48,48,2702.26923076923,347,26,518,Action,M,16,9,1,63,48,48,0.49
Blood Bowl,2010-01-26,72,6.5,10,8410,81,1,0,24,34,57,Sports,T,14,20,0,15,3,3,841,348,34,57,Sports,T,14,20,0,15,3,3,0.05
Divinity II: Ego Draconis,2010-01-06,72,7.7,49,539183,2737,251,0,694,43,126,Role-Playing,M,21,22,0,21,4,4,11003.7346938776,349,43,126,Role-Playing,M,21,22,0,21,4,4,0.07
The Whispered World,2010-04-26,70,7.6,4,3371164,24337,1103,0,3406,41,78,Adventure,E,18,23,0,3,2,2,842791,360,41,78,Adventure,E,18,23,0,3,2,2,0.1
Portal 2,2011-04-18,95,8.8,32,49983,762,16,0,132,52,6054,Action,E10+,51,1,0,NA,117,117,1561.96875,361,52,6059,Action,E10+,51,1,0,NA,118,118,0.76
The Elder Scrolls V: Skyrim,2011-11-10,94,8.1,12,115202,2086,39,0,611,32,9175,Role-Playing,M,32,0,0,NA,311,311,9600.16666666667,362,32,9178,Role-Playing,M,32,0,0,NA,311,311,3.95
Batman: Arkham City,2011-11-21,91,8.6,29,1745050,50622,459,0,14050,27,1868,Action Adventure,T,27,0,0,228,33,33,60174.1379310345,363,27,1871,Action Adventure,T,27,0,0,228,33,33,0.53
Deus Ex: Human Revolution,2011-08-23,90,8.5,48,81477051,73404,22718,0,8408,52,3090,Action,M,52,0,0,514,113,113,1697438.5625,364,52,3091,Action,M,52,0,0,514,113,113,0.59
Total War: Shogun 2,2011-03-15,90,8.3,50,8952967,94900,1844,0,21094,62,1188,Strategy,T,62,0,0,190,43,43,179059.34,365,62,1188,Strategy,T,62,0,0,190,43,43,0.61
Battlefield 3,2011-10-25,89,7.5,29,95359,2148,54,0,584,61,4947,Action,M,60,1,0,NA,192,192,3288.24137931034,367,61,4950,Action,M,60,1,0,NA,192,192,2.78
LIMBO,2011-08-02,88,8.1,49,1196927,8329,208,0,2777,22,1413,Action,T,22,0,0,171,56,56,24427.0816326531,368,22,1414,Action,T,22,0,0,171,56,56,0
Assassin's Creed: Brotherhood,2011-03-22,88,8.2,49,131749,2799,64,0,563,24,1118,Action Adventure,M,24,0,0,93,33,33,2688.75510204082,369,24,1119,Action Adventure,M,24,0,0,93,33,33,0.6
The Witcher 2: Assassins of Kings,2011-05-17,88,8.5,41,143164,1220,30,0,349,76,4420,Role-Playing,M,70,6,0,NA,121,121,3491.80487804878,370,76,4424,Role-Playing,M,70,6,0,NA,121,121,0.97
Super Meat Boy,2011-04-05,87,8.3,18,145202,1358,14,0,361,11,755,Action,T,11,0,0,120,14,14,8066.77777777778,371,11,756,Action,T,11,0,0,120,14,14,0
Dead Space 2,2011-01-25,87,8.3,19,3722,92,4,0,32,28,984,Action,M,27,1,0,122,29,29,195.894736842105,372,28,984,Action,M,27,1,0,122,29,29,0.32
Crysis 2,2011-03-22,86,6.8,10,1669,24,2,0,16,42,1603,Action,M,39,3,0,199,116,116,166.9,374,42,1603,Action,M,39,3,0,199,116,116,0.74
DiRT 3,2011-05-24,86,7,50,141214452,281022,25271,0,93294,23,440,Driving,T,21,2,0,43,29,29,2824289.04,375,23,440,Driving,T,21,2,0,43,29,29,0.15
Star Wars: The Old Republic,2011-12-20,85,5.9,14,221965,1826,164,0,672,73,2757,Massively Multiplayer,T,68,5,0,700,217,217,15854.6428571429,379,73,2757,Massively Multiplayer,T,68,5,0,700,217,217,2.97
Saints Row: The Third,2011-11-14,84,8.1,28,165534,2108,66,0,486,22,1272,Action Adventure,M,20,2,0,209,63,63,5911.92857142857,380,22,1272,Action Adventure,M,20,2,0,209,63,63,0.39
Football Manager 2012,2011-10-20,84,8,44,3336324,52194,805,0,15580,45,174,Sports,E,43,2,0,22,5,5,75825.5454545455,383,45,175,Sports,E,43,2,0,22,5,5,1.51
The Binding of Isaac,2011-09-28,84,8.3,49,16289110,71884,3318,0,17016,30,1015,Action,NA,28,2,0,196,36,36,332430.816326531,385,30,1015,Action,NA,28,2,0,196,36,36,0.03
Trine 2,2011-12-07,84,8.4,48,2773995,17749,299,0,3708,55,670,Action,E10+,51,4,0,80,16,16,57791.5625,386,55,670,Action,E10+,51,4,0,80,16,16,0.04
Anno 2070,2011-11-17,83,7,45,3776198,35167,1222,0,7272,33,496,Strategy,T,29,4,0,70,27,27,83915.5111111111,389,33,497,Strategy,T,29,4,0,70,27,27,1.43
Terraria,2011-05-16,83,8.5,50,6876497,65430,1611,0,11511,29,1628,Action,T,25,4,0,468,54,54,137529.94,391,29,1629,Action,T,25,4,0,468,54,54,0.15
L.A. Noire: The Complete Edition,2011-11-08,83,7.9,46,2304401,22364,419,0,3449,28,917,Adventure,M,23,5,0,99,49,49,50095.6739130435,392,28,919,Adventure,M,23,5,0,99,49,49,0.26
F1 2011,2011-09-19,83,7.2,48,2099857,24883,609,0,4825,10,84,Driving,E,8,2,0,10,3,3,43747.0208333333,393,10,84,Driving,E,8,2,0,10,3,3,0.19
The Book of Unwritten Tales,2011-10-28,82,8.2,50,921826,12963,258,0,3870,32,144,Adventure,T,28,4,0,32,4,4,18436.52,394,32,144,Adventure,T,28,4,0,32,4,4,0.1
Dragon Age II,2011-03-08,82,4.5,41,1391645,9957,279,0,2503,45,4549,Role-Playing,M,38,7,0,392,284,284,33942.5609756098,396,45,4549,Role-Playing,M,38,7,0,392,284,284,0.63
Dungeon Defenders,2011-10-18,81,7.3,50,5067364,42040,1377,0,11983,26,401,Role-Playing,E10+,21,5,0,83,27,27,101347.28,402,26,401,Role-Playing,E10+,21,5,0,83,27,27,0.02
Dead Island,2011-09-05,80,6.8,36,2332183,6675,711,0,1517,24,1435,Action Adventure,M,18,6,0,196,97,97,64782.8611111111,404,24,1435,Action Adventure,M,18,6,0,196,97,97,0.22
Assassin's Creed: Revelations,2011-11-29,80,7.4,38,993213,4261,225,0,726,20,785,Action Adventure,M,15,5,0,51,48,48,26137.1842105263,405,20,785,Action Adventure,M,15,5,0,51,48,48,0.75
World of Tanks,2011-09-06,80,3.7,42,520745,5543,219,0,2890,38,1478,First-Person,T,29,9,0,99,45,45,12398.6904761905,406,38,1478,First-Person,T,29,9,0,99,45,45,0.29
Driver: San Francisco,2011-09-27,80,7,32,1336222,9873,254,0,3045,11,335,Driving,T,10,1,0,34,12,12,41756.9375,409,11,335,Driving,T,10,1,0,34,12,12,0.19
Runaway: A Twist of Fate,2011-04-21,79,8.2,50,763855,4659,151,0,1017,15,40,Adventure,T,13,2,0,4,2,2,15277.1,411,15,40,Adventure,T,13,2,0,4,2,2,0.04
Rage,2011-10-03,79,5.2,22,2813325,74965,1037,0,13832,32,1622,Action,M,24,7,1,209,139,139,127878.409090909,414,32,1622,Action,M,24,7,1,209,139,139,0.37
Call of Duty: Modern Warfare 3,2011-11-08,78,2.5,41,271406,6585,130,0,1971,26,5670,Action,M,19,7,0,381,170,170,6619.65853658537,417,26,5670,Action,M,19,7,0,381,170,170,1.72
Tropico 4,2011-08-30,78,7.7,31,371760,2709,58,0,457,46,359,Strategy,T,32,14,0,44,24,24,11992.2580645161,418,46,359,Strategy,T,32,14,0,44,24,24,0.27
Sonic Generations,2011-11-03,77,8.3,26,156852,2571,150,0,672,11,337,Action,E,8,3,0,89,17,17,6032.76923076923,419,11,337,Action,E,8,3,0,89,17,17,0.11
Men of War: Assault Squad,2011-06-14,77,8.2,21,69343,1678,31,0,246,21,94,Strategy,T,13,8,0,21,5,5,3302.04761904762,420,21,94,Strategy,T,13,8,0,21,5,5,0.06
Pro Evolution Soccer 2012,2011-09-27,77,6.4,25,26397,347,13,0,151,13,89,Sports,NA,8,5,0,9,2,2,1055.88,423,13,89,Sports,NA,8,5,0,9,2,2,0.09
From Dust,2011-08-17,76,4.9,45,186913,3149,104,0,762,15,366,Strategy,E10+,10,5,0,42,40,40,4153.62222222222,427,15,366,Strategy,E10+,10,5,0,42,40,40,0
LEGO Star Wars III: The Clone Wars,2011-03-22,76,7.5,45,5863877,96376,3813,0,13656,14,44,Action Adventure,E10+,10,4,0,4,1,1,130308.377777778,429,14,44,Action Adventure,E10+,10,4,0,4,1,1,0.25
Red Orchestra 2: Heroes of Stalingrad,2011-09-13,76,7.3,50,737370,11111,141,0,2197,49,732,Action,M,31,17,1,173,51,51,14747.4,430,49,732,Action,M,31,17,1,173,51,51,0.14
Two Worlds II,2011-02-03,76,6.5,11,303,7,0,0,5,31,316,Role-Playing,M,19,12,0,32,35,35,27.5454545454545,433,31,316,Role-Playing,M,19,12,0,32,35,35,0.2
Red Faction: Armageddon,2011-06-07,75,6.7,50,287662,4295,91,0,1551,29,276,Action,M,18,11,0,43,30,30,5753.24,436,29,276,Action,M,18,11,0,43,30,30,0.09
Fable III,2011-05-17,75,5.4,40,58816,561,32,0,229,39,559,Role-Playing,M,23,16,0,33,37,37,1470.4,439,39,559,Role-Playing,M,23,16,0,33,37,37,0.32
Alice: Madness Returns,2011-06-14,75,8.4,40,2638857,17254,545,0,4827,29,566,Action Adventure,M,17,12,0,105,26,26,65971.425,440,29,566,Action Adventure,M,17,12,0,105,26,26,0.12
F.E.A.R. 3,2011-06-21,74,5.9,50,7814937,112156,4721,0,37147,34,423,First-Person Shooters,M,20,14,0,31,46,46,156298.74,445,34,423,First-Person Shooters,M,20,14,0,31,46,46,0.15
LEGO Pirates of the Caribbean: The Video Game,2011-05-24,73,6.6,47,194852,3828,134,0,430,11,17,Action Adventure,E10+,NA,NA,NA,NA,NA,NA,4145.78723404255,448,11,17,Action Adventure,E10+,NA,NA,NA,NA,NA,NA,0.04
Serious Sam 3: BFE,2011-11-22,72,8.2,48,12270168,42674,3510,0,9068,53,590,Action,NA,27,26,0,165,26,26,255628.5,452,53,590,Action,NA,27,26,0,165,26,26,0.08
DC Universe Online,2011-01-11,72,6.8,11,5964781,258296,3433,0,42649,27,243,Role-Playing,T,13,13,1,53,20,20,542252.818181818,454,27,243,Role-Playing,T,13,13,1,53,20,20,0.23
Dishonored,2012-10-08,91,8.4,25,598377,4730,119,0,1287,29,3453,Action Adventure,M,29,0,0,436,126,126,23935.08,455,29,3458,Action Adventure,M,29,0,0,437,126,126,0.52
Guild Wars 2,2012-08-28,90,7.9,23,12883,177,7,0,77,69,2964,Role-Playing,T,68,1,0,648,142,142,560.130434782609,457,69,2964,Role-Playing,T,68,1,0,648,142,142,2.37
Borderlands 2,2012-09-17,89,8.2,50,1538176,9714,534,0,3219,38,2501,Action,M,37,1,0,377,84,84,30763.52,460,38,2502,Action,M,37,1,0,377,84,84,0.93
XCOM: Enemy Unknown,2012-10-09,89,8.2,50,140829,2329,30,0,460,57,2244,Strategy,M,56,1,0,356,120,120,2816.58,461,57,2245,Strategy,M,56,1,0,356,120,120,0.72
Mass Effect 3,2012-03-06,89,5.5,40,689443,11188,181,0,2886,23,5960,Role-Playing,M,23,0,0,703,316,316,17236.075,462,23,5962,Role-Playing,M,23,0,0,703,316,316,0.97
Far Cry 3,2012-12-04,88,8.2,48,1321284,20582,264,0,2944,43,3214,Action,M,42,1,0,433,111,111,27526.75,463,43,3218,Action,M,42,1,0,433,111,111,0.97
Torchlight II,2012-09-20,88,8.6,25,115144,515,22,0,76,67,1894,Role-Playing,NA,66,1,0,424,52,52,4605.76,464,67,1894,Role-Playing,NA,66,1,0,424,52,52,0
Diablo III,2012-05-15,88,4,45,3160388,16168,710,0,3282,86,9649,Role-Playing,M,81,4,1,NA,511,511,70230.8444444444,466,86,9650,Role-Playing,M,81,4,1,NA,511,511,5.19
Max Payne 3,2012-05-31,87,7.6,19,525618,2561,150,0,423,30,2219,Action,M,28,2,0,269,105,105,27664.1052631579,467,30,2221,Action,M,28,2,0,269,105,105,0.44
Total War: Shogun 2 - Fall of the Samurai,2012-03-23,86,8.5,40,175394,2239,43,0,482,45,352,Strategy,T,44,1,0,43,8,8,4384.85,468,45,352,Strategy,T,44,1,0,43,8,8,0.2
Football Manager 2013,2012-11-01,86,6.8,48,2189532,25227,535,0,5002,37,231,Sports,NA,35,2,0,19,10,10,45615.25,469,37,231,Sports,NA,35,2,0,19,10,10,1.15
FIFA Soccer 13,2012-09-25,86,6.6,26,427372,1957,93,0,479,7,289,Sports,E,7,0,0,17,9,9,16437.3846153846,471,7,289,Sports,E,7,0,0,17,9,9,0.4
Rayman Origins,2012-03-29,86,8.4,46,10995819,40262,3009,0,5903,11,342,Action,E10+,11,0,0,49,3,3,239039.543478261,473,11,343,Action,E10+,11,0,0,49,3,3,0.08
Alan Wake,2012-02-16,83,8,22,5468463,262388,3157,0,45448,30,1484,Action Adventure,T,27,3,0,171,65,65,248566.5,483,30,1484,Action Adventure,T,27,3,0,171,65,65,0.07
Crusader Kings II,2012-02-14,82,8.7,50,5680082,74492,1518,0,13518,31,745,Strategy,T,27,4,0,171,8,8,113601.64,488,31,746,Strategy,T,27,4,0,171,8,8,0
World of Warcraft: Mists of Pandaria,2012-09-25,82,4.8,48,131208,1875,40,0,422,42,1272,Massively Multiplayer,T,38,4,0,164,40,40,2733.5,489,42,1272,Massively Multiplayer,T,38,4,0,164,40,40,1.82
Botanicula,2012-04-19,82,8.3,48,1967759,10529,481,0,1567,38,343,Adventure,NA,32,6,0,51,8,8,40994.9791666667,491,38,343,Adventure,NA,32,6,0,51,8,8,0.03
Darksiders II,2012-08-13,81,7.8,32,31619,526,37,0,244,23,657,Action Adventure,M,21,2,0,85,28,28,988.09375,493,23,657,Action Adventure,M,21,2,0,85,28,28,0.15
Kingdoms of Amalur: Reckoning,2012-02-07,81,6.6,46,426619,7080,192,0,1767,25,1102,Role-Playing,M,22,3,0,202,99,99,9274.32608695652,496,25,1104,Role-Playing,M,22,3,0,202,99,99,0.3
Sleeping Dogs,2012-08-13,81,8.2,11,325538,1533,151,0,442,23,1220,Action Adventure,M,18,5,0,187,49,49,29594.3636363636,497,23,1220,Action Adventure,M,18,5,0,187,49,49,0.12
Pro Evolution Soccer 2013,2012-09-25,80,6.9,50,2013074,51165,705,0,6678,8,185,Sports,E,6,2,0,17,3,3,40261.48,500,8,185,Sports,E,6,2,0,17,3,3,0.08
Assassin's Creed III,2012-11-20,80,6.2,5,5386412,51310,1452,0,5383,21,1506,Action Adventure,M,18,2,1,111,112,112,1077282.4,501,21,1506,Action Adventure,M,18,2,1,111,112,112,0.93
F1 2012,2012-09-18,80,6.9,50,1507962,25863,702,0,8402,15,115,Driving,E,12,3,0,11,4,4,30159.24,506,15,115,Driving,E,12,3,0,11,4,4,0.15
Hitman: Absolution,2012-11-19,79,7,29,8626000,178608,8319,0,18542,26,1336,Action Adventure,M,18,8,0,124,95,95,297448.275862069,511,26,1336,Action Adventure,M,18,8,0,124,95,95,0.25
Street Fighter X Tekken,2012-05-11,79,6.4,46,641057,8050,153,0,2232,8,134,Action,T,6,2,0,10,10,10,13936.0217391304,512,8,134,Action,T,6,2,0,10,10,10,0.02
Transformers: Fall of Cybertron,2012-08-20,78,7.9,50,4695458,253545,2858,0,42152,13,122,Action,T,9,4,0,16,4,4,93909.16,517,13,122,Action,T,9,4,0,16,4,4,0.01
Tropico 4: Modern Times,2012-03-29,78,8,15,1524226,20292,354,0,3912,11,58,Strategy,T,8,3,0,7,2,2,101615.066666667,519,11,58,Strategy,T,8,3,0,7,2,2,0.02
Endless Space,2012-07-04,77,7.4,31,11149923,48978,4143,0,7202,36,514,Strategy,T,27,8,1,81,55,55,359674.935483871,524,36,515,Strategy,T,27,8,1,81,55,55,0
The Darkness II,2012-02-06,77,7.6,48,131553,1738,42,0,723,20,451,Action,M,15,5,0,57,17,17,2740.6875,525,20,451,Action,M,15,5,0,57,17,17,0.14
TERA,2012-05-01,77,6.8,49,2904345,35327,1196,0,8501,41,747,Role-Playing,M,28,13,0,197,55,55,59272.3469387755,526,41,749,Role-Playing,M,28,13,0,197,55,55,0.42
Spec Ops: The Line,2012-06-25,76,8.2,39,2575530,18156,564,0,2363,16,1246,Action,M,9,7,0,192,50,50,66039.2307692308,530,16,1247,Action,M,9,7,0,192,50,50,0.23
Edna & Harvey: Harvey's New Eyes,2012-10-16,75,8.1,27,18593,380,8,0,91,19,68,Adventure,NA,11,8,0,4,2,2,688.62962962963,536,19,68,Adventure,NA,11,8,0,4,2,2,0.08
Deponia,2012-08-06,74,8.2,49,12667243,28138,3562,0,3776,33,313,Adventure,NA,20,13,0,29,15,15,258515.163265306,544,33,313,Adventure,NA,20,13,0,29,15,15,0.15
The Secret World,2012-07-03,74,8.2,50,186372,4268,182,0,505,NA,NA,NA,NA,NA,NA,NA,NA,NA,NA,3727.44,549,NA,NA,NA,NA,NA,NA,NA,NA,NA,NA,0.17
BioShock Infinite,2013-03-25,94,8.5,50,711179,12241,427,0,1725,68,7368,Action,M,68,0,0,NA,297,297,14223.58,550,68,7373,Action,M,68,0,0,NA,297,297,0.67
Europa Universalis IV,2013-08-13,87,8.7,46,503178,5681,167,0,1681,34,958,Strategy,T,31,3,0,154,17,17,10938.652173913,559,34,959,Strategy,T,31,3,0,154,17,17,0
Gone Home,2013-08-15,86,5.4,41,212577,1058,11,0,141,56,2039,Adventure,NA,49,7,0,302,165,165,5184.80487804878,560,56,2039,Adventure,NA,NA,NA,NA,NA,NA,NA,0
Saints Row IV,2013-08-19,86,7.4,50,666224,4397,122,0,1519,45,1555,Action Adventure,M,42,3,0,190,79,79,13324.48,563,45,1556,Action Adventure,M,42,3,0,190,79,79,0.19
Tomb Raider,2013-03-04,86,8.5,6,2746277,69696,2401,0,8236,18,3582,Action Adventure,M,17,1,0,521,116,116,457712.833333333,565,18,3584,Action Adventure,M,17,1,0,521,116,116,1.03
Football Manager 2014,2013-10-30,85,5.5,50,609099,15749,291,0,605,41,277,Sports,E,40,1,0,19,10,10,12181.98,573,41,277,Sports,E,40,1,0,19,10,10,0.64
Assassin's Creed IV: Black Flag,2013-11-19,84,7.7,34,2630198,44135,1035,0,14321,10,1485,Action Adventure,M,8,2,0,177,50,50,77358.7647058823,578,10,1486,Action Adventure,M,8,2,0,177,50,50,0.65
Metro: Last Light,2013-05-13,82,8.6,50,456833,10086,164,0,1626,71,2669,Action,M,60,11,0,356,66,66,9136.66,587,71,2670,Action,M,60,11,0,356,66,66,0.19
Battlefield 4,2013-10-29,81,6,45,589252,11615,430,0,3629,52,3540,Action,M,42,10,0,348,169,169,13094.4888888889,589,52,3542,Action,M,42,10,0,348,169,169,1.38
GRID 2,2013-05-27,80,5.7,30,222175,2455,410,0,812,17,571,Driving,E,15,2,0,40,32,32,7405.83333333333,598,17,571,Driving,E,15,2,0,40,32,32,0.06
Goodbye Deponia,2013-10-17,80,7.9,50,6916320,81234,7159,0,51905,34,174,Adventure,NA,24,9,1,10,4,4,138326.4,601,34,174,Adventure,NA,24,9,1,10,4,4,0.07
Company of Heroes 2,2013-06-25,80,2.1,29,56029,2836,27,0,750,82,6168,Strategy,M,70,10,2,400,86,86,1932.03448275862,604,82,6169,Strategy,M,70,10,2,400,86,86,0.34
Euro Truck Simulator 2,2013-01-16,79,8.7,9,25177,540,38,0,94,17,1010,Simulation,NA,13,4,0,177,25,25,2797.44444444444,613,17,1011,Simulation,NA,13,4,0,177,25,25,0.13
Payday 2,2013-08-13,79,3.5,41,15602,338,14,0,82,51,3577,Action,M,40,11,0,287,60,60,380.536585365854,614,51,3579,Action,M,40,11,0,288,60,60,0.05
State of Decay,2013-11-05,79,6.9,34,1785263,15267,477,0,2615,9,527,Action Adventure,NA,6,3,0,81,41,41,52507.7352941177,622,9,527,Action Adventure,NA,6,3,0,81,41,41,0.01
LEGO Marvel Super Heroes,2013-10-22,78,8.1,50,1816788,9423,504,0,1724,7,124,Action Adventure,E10+,6,1,0,9,3,3,36335.76,625,7,124,Action Adventure,E10+,6,1,0,9,3,3,0.17
Dead Space 3,2013-02-05,78,6,50,1871760,52909,432,0,12555,16,1109,Action,M,12,4,0,94,79,79,37435.2,626,16,1110,Action,M,12,4,0,94,79,79,0.19
Resident Evil: Revelations,2013-05-20,77,7,50,14408401,76906,3295,0,15751,12,352,Action Adventure,M,9,3,0,26,16,16,288168.02,640,12,352,Action Adventure,M,9,3,0,26,16,16,0.04
Dark Souls II,2014-04-24,91,7.1,45,147705,3243,134,0,974,36,2331,Role-Playing,T,36,0,0,275,62,62,3282.33333333333,648,36,2331,Role-Playing,T,36,0,0,275,62,62,0.18
Divinity: Original Sin,2014-01-17,87,8.7,40,105318,1322,36,0,409,59,2096,Role-Playing,M,56,3,0,371,60,60,2632.95,654,59,2096,Role-Playing,M,56,3,0,372,60,60,0.02
World of Warcraft: Warlords of Draenor,2014-11-13,87,5.9,50,1065828,4217,549,0,885,49,1159,Role-Playing,T,47,2,0,166,40,40,21316.56,655,49,1159,Role-Playing,T,47,2,0,166,40,40,0.47
Titanfall,2014-03-11,86,6.2,50,27285960,79776,7469,0,6646,29,1735,Action,M,28,1,0,192,145,145,545719.2,658,29,1735,Action,M,28,1,0,192,145,145,0.58
Dragon Age: Inquisition,2014-11-18,85,5.9,25,392312,2035,100,0,143,45,3964,Role-Playing,M,40,5,0,538,277,277,15692.48,661,45,3967,Role-Playing,M,40,5,0,538,277,277,0.76
South Park: The Stick of Truth,2014-03-04,85,8.6,32,78451,3021,50,0,882,48,1752,Role-Playing,M,43,5,0,237,40,40,2451.59375,662,48,1755,Role-Playing,M,43,5,0,237,40,40,0.19
Pro Evolution Soccer 2015,2014-11-13,82,5.8,37,4351298,30731,762,0,7302,8,175,Sports,NA,6,2,0,15,12,12,117602.648648649,689,8,175,Sports,NA,6,2,0,15,12,12,0.06
Wolfenstein: The New Order,2014-05-19,81,8.1,50,6623889,48835,2139,0,5890,23,1665,Action,M,20,3,0,250,53,53,132477.78,696,23,1666,Action,M,20,3,0,250,53,53,0.46
Alien: Isolation,2014-10-06,81,8.4,50,1521276,18541,242,0,4076,41,1611,Action Adventure,M,32,9,0,312,53,53,30425.52,697,41,1613,Action Adventure,M,32,9,0,312,53,53,0.14
Sid Meier's Civilization: Beyond Earth,2014-10-24,81,5.5,50,4015939,42420,994,0,11026,78,1032,Strategy,E10+,65,12,1,74,112,112,80318.78,700,78,1033,Strategy,E10+,65,12,1,74,112,112,0.38
Wasteland 2,2014-09-19,81,7.3,49,134611,1598,29,0,280,65,1173,Role-Playing,M,53,12,0,171,55,55,2747.16326530612,701,65,1174,Role-Playing,M,53,12,0,171,55,55,0.12
Metal Gear Solid V: Ground Zeroes,2014-12-18,80,7.6,18,252726,8493,57,0,1008,20,417,Action Adventure,M,18,2,0,39,9,9,14040.3333333333,705,20,417,Action Adventure,M,18,2,0,39,9,9,0.01
Trials Fusion,2014-04-16,80,6.8,49,2914743,64216,1170,0,13349,12,96,Driving,E10+,11,1,0,4,4,4,59484.5510204082,706,12,97,Driving,E10+,11,1,0,4,4,4,0.03
Far Cry 4,2014-11-18,80,6.7,50,134503,3744,64,0,620,17,1085,Action,M,15,2,0,119,70,70,2690.06,710,17,1088,Action,M,15,2,0,119,70,70,0.67
Football Manager 2015,2014-11-07,80,6.1,25,1009091,6702,90,0,1555,36,153,Sports,NA,28,8,0,10,11,11,40363.64,714,36,154,Sports,NA,28,8,0,10,11,11,0.46
Call of Duty: Advanced Warfare,2014-11-03,78,4.5,13,96250,717,32,0,236,18,1138,Action,M,15,2,1,77,41,41,7403.84615384615,724,18,1139,Action,M,15,2,1,77,41,41,0.43
GRID Autosport,2014-06-26,78,6.2,46,152684,4509,61,0,647,35,258,Driving,E,24,11,0,24,14,14,3319.21739130435,729,35,258,Driving,E,24,11,0,24,14,14,0.03
Sherlock Holmes: Crimes & Punishments,2014-09-30,77,7.7,50,5799408,131863,1835,0,13359,32,191,Adventure,M,20,12,0,18,6,6,115988.16,735,32,191,Adventure,M,20,12,0,18,6,6,0.05
Child of Light,2014-04-30,77,8.1,45,238904,2031,86,0,341,16,483,Action,E10+,11,5,0,58,19,19,5308.97777777778,738,16,483,Action,E10+,11,5,0,58,19,19,0.01
Grand Theft Auto V,2015-04-14,96,7.9,50,214903,7014,38,0,665,57,3875,Modern,M,56,1,0,359,92,92,4298.06,739,57,3885,Modern,M,56,1,0,359,92,92,1.27
The Witcher 3: Wild Hunt,2015-05-18,93,9.3,46,340470,2391,51,0,838,32,10831,Role-Playing,M,32,0,0,954,78,78,7401.52173913043,740,32,10845,Role-Playing,M,32,0,0,955,79,79,0.81
Metal Gear Solid V: The Phantom Pain,2015-09-01,91,7.7,50,5647408,204263,2525,0,20465,13,2002,Action Adventure,M,13,0,0,128,60,60,112948.16,742,13,2005,Action Adventure,M,13,0,0,129,60,60,0.09
Pillars of Eternity,2015-03-26,89,8.3,44,324666,3083,130,0,1736,71,2213,Role-Playing,M,70,1,0,315,77,77,7378.77272727273,744,71,2214,Role-Playing,M,70,1,0,315,77,77,0.02
Ori and the Blind Forest,2015-03-11,88,8.7,29,50276,1002,48,0,193,12,920,Action,E,12,0,0,115,13,13,1733.65517241379,748,12,920,Action,E,12,0,0,115,13,13,0.01
Final Fantasy XIV: Heavensward,2015-06-23,86,7.7,36,578970,2123,219,0,1092,14,255,Massively Multiplayer Online,T,14,0,0,26,2,2,16082.5,752,14,255,Massively Multiplayer Online,T,14,0,0,26,2,2,0.03
Homeworld Remastered Collection,2015-02-25,86,8.2,50,4639451,128514,1554,0,46400,49,327,Miscellaneous,E10+,48,1,0,38,8,8,92789.02,754,49,327,Miscellaneous,E10+,48,1,0,38,8,8,0.01
Heroes of the Storm,2015-06-02,86,6.6,50,247390,6090,217,0,826,57,1073,Action,T,54,3,0,127,59,59,4947.8,755,57,1075,Action,T,54,3,0,128,58,58,0.01
DiRT Rally,2015-12-07,86,8.7,49,3203060,29995,1092,0,6160,33,293,Racing,E,33,0,0,38,5,5,65368.5714285714,756,33,293,Racing,E,33,0,0,38,5,5,0.03
Rocket League,2015-07-05,86,8.2,45,1740095,18813,307,0,3514,20,604,Sports,E,17,3,0,90,6,6,38668.7777777778,757,20,611,Sports,E,17,3,0,90,6,6,0.12
Cities: Skylines,2015-03-10,85,8.9,21,277410,3311,54,0,735,60,1419,City Building,E,58,2,0,211,24,24,13210,758,60,1423,City Building,E,58,2,0,212,24,24,0.14
Fallout 4,2015-11-09,84,5.4,24,71270,1795,34,0,431,38,7591,General,M,30,8,0,829,393,393,2969.58333333333,767,38,7598,General,M,30,8,0,830,394,394,1.38
Life is Strange,2015-10-20,83,8.6,50,5415166,65481,3779,0,34086,15,1679,Action Adventure,M,13,2,0,182,17,17,108303.32,768,15,1684,Action Adventure,M,13,2,0,182,17,17,0.05
Project CARS,2015-05-06,83,7,42,5539418,61485,1008,0,8759,48,422,Driving,E,42,6,0,57,17,17,131890.904761905,769,48,423,Driving,E,42,6,0,57,17,17,0.14
Football Manager 2016,2015-11-13,81,7,49,8341627,169563,3227,0,114208,34,99,Sports,E,30,4,0,9,5,5,170237.285714286,781,34,99,Sports,E,30,4,0,9,5,5,0.39
Galactic Civilizations III,2015-05-14,81,6.5,45,149790,4027,85,0,1138,31,200,Strategy,NA,25,6,0,19,15,15,3328.66666666667,786,31,201,Strategy,NA,25,6,0,19,16,16,0.01
Total War: Attila,2015-02-17,80,7.3,10,30222,459,2,0,77,66,530,Strategy,T,52,14,0,78,17,17,3022.2,801,66,531,Strategy,T,52,14,0,78,18,18,0.25
Evolve,2015-02-09,77,4.3,25,93082,2648,19,0,299,39,973,Action,M,25,14,0,105,47,47,3723.28,828,39,974,Action,M,25,14,0,105,47,47,0.2
Overwatch,2016-05-23,91,6.8,50,1224928,24123,379,0,5922,62,4208,General,T,60,2,0,465,179,179,24498.56,834,62,4222,General,T,60,2,0,466,179,179,0.73
Dark Souls III,2016-04-11,89,8.6,48,82990,609,29,0,176,56,1902,Role-Playing,M,54,2,0,125,31,31,1728.95833333333,837,56,1905,Role-Playing,M,54,2,0,126,31,31,0.09
XCOM 2,2016-02-05,88,7.1,46,37956,991,12,0,293,104,1261,Strategy,T,97,6,1,180,77,77,825.130434782609,841,104,1262,Strategy,T,97,6,1,180,77,77,0.28
Sid Meier's Civilization VI,2016-10-21,88,7.2,47,2072243,49421,388,0,6150,84,759,Strategy,E10+,79,4,1,78,51,51,44090.2765957447,842,84,764,Strategy,E10+,79,4,1,78,52,52,0.38
Battlefield 1,2016-10-21,88,7.5,50,4497646,100686,2244,0,30328,54,1318,General,M,52,2,0,131,61,61,89952.92,843,54,1333,General,M,52,2,0,131,61,61,0.68
World of Warcraft: Legion,2016-08-30,88,7.3,45,231958,1478,37,0,520,62,580,Role-Playing,T,61,1,0,61,21,21,5154.62222222222,844,62,581,Role-Playing,T,61,1,0,61,21,21,0.41
Rise of the Tomb Raider,2016-01-28,86,7.9,8,23912,319,28,0,65,45,960,Action Adventure,M,44,1,0,97,31,31,2989,849,45,966,Action Adventure,M,44,1,0,97,31,31,0.15
Total War: WARHAMMER,2016-05-24,86,7.3,50,752026,36709,247,0,2223,77,575,Strategy,T,72,5,0,90,22,22,15040.52,850,77,577,Strategy,T,72,5,0,90,22,22,0.19
Dishonored 2,2016-11-10,86,6.2,49,204231,6983,98,0,1230,40,433,Action Adventure,M,35,5,0,36,9,9,4167.97959183673,851,40,435,Action Adventure,M,35,5,0,36,9,9,0.21
Titanfall 2,2016-10-28,86,8.1,50,56116,1444,48,0,359,30,555,Action,M,25,5,0,109,21,21,1122.32,856,30,558,Action,M,25,5,0,109,21,21,0.16
FIFA 17,2016-09-27,84,4.2,50,552497,5699,277,0,1331,12,208,Sports,E,11,1,0,6,6,6,11049.94,870,12,210,Sports,E,11,1,0,6,6,6,0.18
Hearts of Iron IV,2016-06-06,83,6.9,46,794842,14373,287,0,231,36,315,Historic,NA,33,3,0,24,10,10,17279.1739130435,875,36,315,Historic,NA,33,3,0,24,10,10,0.1
Deus Ex: Mankind Divided,2016-08-23,83,6.1,7,778,1,0,0,5,56,760,Action Adventure,M,48,8,0,79,37,37,111.142857142857,878,56,764,Action Adventure,M,48,8,0,79,37,37,0.07
Tyranny,2016-11-10,80,7.8,37,1594384,15351,518,0,2201,65,347,Role-Playing,NA,53,12,0,50,15,15,43091.4594594595,901,66,348,Role-Playing,NA,54,12,0,50,15,15,0.02
Football Manager 2017,2016-11-04,80,4.5,49,607008,13236,292,0,1678,45,65,Sports,E,36,9,0,6,2,2,12387.9183673469,903,45,65,Sports,E,36,9,0,6,2,2,0.24
Tom Clancy's The Division,2016-03-08,79,5.9,48,193131,5091,68,0,951,33,1208,Action,M,24,9,0,130,59,59,4023.5625,913,33,1210,Action,M,24,9,0,130,59,59,0.45
The Sims 4: City Living,2016-11-01,78,6.3,50,3796754,51513,700,0,7791,13,41,Simulation,T,9,4,0,3,5,5,75935.08,925,13,41,Simulation,T,9,4,0,3,5,5,0.24
Stellaris,2016-05-09,78,8,38,389040,8197,165,0,1565,57,580,Strategy,NA,46,10,1,69,29,29,10237.8947368421,926,57,582,Strategy,NA,46,10,1,69,29,29,0.06
